0;user0;mhplBbxnIomFCuP8jaOgbxvqPeMWOid93Q4DcvmrXWo=;DRUZ0863907RQB7G1AOY
1;user1;h1O8XHqIKbxwid/Sac5ybM/oPW6HQxT68nXprbf2xQ0=;2W05MNWUPS5Z0RP8LGKO
2;user2;8PVemgcQUQwcxoLh9C2cwGlr6wq0dPcB0/iOMRI0TTE=;Y12IHM07BT52ZMETRNF2
3;user3;G7kkgbW7cguRmE+Z7odRgVJNd7d4CxKrfk4YCgmiBPg=;35109L4JHTWYYRYAG68N
4;user4;aA2kISWlzSwGJ0umoQBUQ12ujmNRmrFBUbI9sCpXtnI=;QGS698BCFQ2ME4HDMAHO
5;user5;mdOtjZaBVLt3Eo7YwRdB2Bu7v2uOihf7twiJ2zUYXj8=;OK4RRS0L22KKQB29E6PG
6;user6;jgRV//cEqnQozCJjwI53oiuPiKWl9nBGMnwX0EoXQOE=;E9X3V55B1IRVCN1CT67B
7;user7;sjWOt09xxjYkmhgC95bIQCrY/2/RJozxmNRFzLhgvAg=;88PVUOV8Q1OUEBB0XHOC
8;user8;+MYLVhC41sEnOKVC/UkP3MjbVdft7SlzG2HuuQ7aG6s=;520J1Q4MPX7U82AB1DC1
9;user9;aV/L8qop3nRP2K/cPU8ijk3LsXWNq2qzZw0BtesiAuo=;7E7217ZU39HLMZ134SQ9
